<?xml version="1.0" encoding="UTF-8" standalone="yes"?>
<javaee:handler-chains xmlns:javaee="http://java.sun.com/xml/ns/javaee"
	xmlns:xsd="http://www.w3.org/2001/XMLSchema">
	<javaee:handler-chain>
		<javaee:handler>
			<javaee:handler-class>pt.ist.anacom.security.handlers.anacom.RequestIDOperatorServerHandler
			</javaee:handler-class>
		</javaee:handler>
		<javaee:handler>
			<javaee:handler-class>pt.ist.anacom.security.handlers.anacom.AnacomDigestHandler
			</javaee:handler-class>
		</javaee:handler>
		<javaee:handler>
			<javaee:handler-class>pt.ist.anacom.security.handlers.anacom.OperatorCertificateHandler
			</javaee:handler-class>
		</javaee:handler>
	</javaee:handler-chain>
</javaee:handler-chains>
