<?xml version="1.0" encoding="ISO-8859-1"?>

<web-app xmlns="http://java.sun.com/xml/ns/j2ee"
  xmlns:xsi="http://www.w3.org/2001/XMLSchema-instance"
  xsi:schemaLocation="http://java.sun.com/xml/ns/j2ee http://java.sun.com/xml/ns/j2ee/web-app_2_4.xsd"
  version="2.4">

<servlet> 
    <servlet-name>OperatorServiceImpl</servlet-name> 
    <servlet-class>pt.ist.anacom.operatorserver.OperatorServiceImpl</servlet-class> 
</servlet> 

<servlet-mapping>
	  <servlet-name>OperatorServiceImpl</servlet-name>
      <url-pattern>/Pessimus</url-pattern>
</servlet-mapping>

<context-param>
    <param-name>operatorName</param-name>
    <param-value>Pessimus</param-value>
</context-param>

<context-param>
	<param-name>bindingUrl</param-name>
	<param-value>http://localhost:8080/@@@/Pessimus?wsdl</param-value>
</context-param>

<context-param>
	<param-name>replicaNumber</param-name>
	<param-value>###</param-value>
</context-param>

<context-param>
	<param-name>activateSecurity</param-name>
	<param-value>%%%</param-value>
</context-param>

<context-param>
    <param-name>operatorPrefix</param-name>
    <param-value>93</param-value>
</context-param>

<context-param>
    <param-name>operatorSMSCost</param-name>
    <param-value>5</param-value>
</context-param>

<context-param>
    <param-name>operatorVoiceCost</param-name>
    <param-value>20</param-value>
</context-param>

<context-param>
    <param-name>operatorVideoCost</param-name>
    <param-value>40</param-value>
</context-param>

<context-param>
    <param-name>operatorTax</param-name>
    <param-value>1.5</param-value>
</context-param>

<context-param>
	<param-name>operatorBonus</param-name>
	<param-value>4</param-value>
</context-param>

<listener>
    <description>Manage resource reservation and release upon webapp deployment.</description>
    <listener-class>pt.ist.anacom.operatorserver.OperatorServiceInitListener</listener-class>
</listener>

</web-app>
