<?xml version="1.0" encoding="ISO-8859-1"?>

<web-app xmlns="http://java.sun.com/xml/ns/j2ee"
  xmlns:xsi="http://www.w3.org/2001/XMLSchema-instance"
  xsi:schemaLocation="http://java.sun.com/xml/ns/j2ee http://java.sun.com/xml/ns/j2ee/web-app_2_4.xsd"
  version="2.4">

<servlet> 
    <servlet-name>CaServiceImpl</servlet-name> 
    <servlet-class>pt.ist.anacom.caserver.CaServiceImpl</servlet-class> 
</servlet> 

<listener>
    <description>Initiates keypair upon webapp deployment.</description>
    <listener-class>pt.ist.anacom.caserver.CAServiceInitListener</listener-class>
</listener>

<servlet-mapping>
	  <servlet-name>CaServiceImpl</servlet-name>
      <url-pattern>/CA</url-pattern>
</servlet-mapping>

<context-param>
	<param-name>bindingUrl</param-name>
	<param-value>http://localhost:8080/servletCA/CA?wsdl</param-value>
</context-param>



</web-app>
