<?xml version="1.0" encoding="UTF-8"?>
<module rename-to='anacom'>
	<!-- Inherit the core Web Toolkit stuff. -->
	<inherits name='com.google.gwt.user.User' />

	<!-- Inherit the default GWT style sheet. You can change -->
	<!-- the theme of your GWT application by commenting out -->
	<!-- any one of the following lines. -->
    <!--<inherits name='com.google.gwt.user.theme.clean.Clean'/>-->
    <inherits name='com.google.gwt.user.theme.standard.Standard'/>
	<!-- <inherits name='com.google.gwt.user.theme.chrome.Chrome'/> -->
    <!--<inherits name='com.google.gwt.user.theme.dark.Dark'/>-->

	<!-- Other module inherits -->
	<inherits name='pt.ist.anacom.shared.shared_module' />

	<!-- Specify the app entry point class. -->
	<entry-point class='pt.ist.anacom.presentationserver.client.Anacom' />

	<!-- Specify the paths for translatable code -->
	<source path='client' />

    <set-property name="user.agent" value="gecko1_8"/>
</module>
